Unnamed: 0,model_name,dataset,date,Training_version,environment,developer_mode,wer,cer,results_path,notes,checkpoint-path,Training,commit_hash,dataset_evaluation_part,wer_per_mic_type,wer_per_session,wer_per_special_token,wer_per_mic,oversampling,training_time,data_portion in training,beamforming,num_trainable_parameters,diffusion,inference_time,precision
0.0,openai/whisper-tiny,dipco,09/11/2024,last-layer,laptop,Y,2.248961769143853,2.865971717344778,openai/whisper-tiny_dipco_last-layer_09/11/2024/results.json,Initial run with custom dataset,,,,,,,,,,,,,,,,
1.0,openai/whisper-tiny,dipco,09/11/2024,last-layer,laptop,Y,2.248961769143853,2.865971717344778,openai/whisper-tiny_dipco_last-layer_09/11/2024/results.json,Initial run with custom dataset,,,,,,,,,,,,,,,,
2.0,openai/whisper-tiny,dipco,09/11/2024,last-layer,laptop,Y,2.2490680616608603,2.8660459416099826,openai/whisper-tiny_dipco_last-layer_09/11/2024/results.json,Initial run with custom dataset,,,,,,,,,,,,,,,,
3.0,openai/whisper-tiny,dipco,09/11/2024,last-layer,laptop,Y,2.2484062135882983,2.865628310751372,openai/whisper-tiny_dipco_last-layer_09/11/2024/results.json,Initial run with custom dataset,,,,,,,,,,,,,,,,
4.0,openai/whisper-tiny,dipco,09/15/2024,last-layer,laptop,Y,2.885656236938772,4.492851535717176,openai/whisper-tiny_dipco_last-layer_09/15/2024/results.json,Initial run with custom dataset,,,,,,,,,,,,,,,,
5.0,openai/whisper-tiny,dipco,09/15/2024,last-layer,laptop,Y,2.889123269905805,4.496695687361426,openai/whisper-tiny_dipco_last-layer_09/15/2024/results.json,Initial run with custom dataset,,,,,,,,,,,,,,,,
6.0,openai/whisper-tiny,dipco,09/15/2024,last-layer,laptop,Y,2.8845023907849257,4.4922299017883045,openai/whisper-tiny_dipco_last-layer_09/15/2024/results.json,Initial run with custom dataset,,,,,,,,,,,,,,,,
7.0,openai/whisper-tiny,dipco,09/15/2024,last-layer,laptop,Y,2.8845023907849257,4.4922299017883045,openai/whisper-tiny_dipco_last-layer_09/15/2024/results.json,Initial run with custom dataset,,,,,,,,,,,,,,,,
8.0,openai/whisper-tiny,dipco,09/15/2024,last-layer,laptop,Y,2.889123269905805,4.503074475240214,openai/whisper-tiny_dipco_last-layer_09/15/2024/results.json,Initial run with custom dataset,,,,,,,,,,,,,,,,
9.0,openai/whisper-tiny,dipco,09/15/2024,last-layer,laptop,Y,1.2840429264821025,1.476550292980057,openai/whisper-tiny_dipco_last-layer_09/15/2024/results.json,Initial run with custom dataset,,,,,,,,,,,,,,,,
10.0,openai/whisper-tiny,dipco,09/17/2024,peft,laptop,Y,1.3150595677150063,1.360952947027402,openai/whisper-tiny_dipco_peft_09/17/2024/results.json,Initial run with custom dataset,,,,,,,,,,,,,,,,
11.0,openai/whisper-tiny,dipco,09/17/2024,peft,laptop,Y,1.2545329071703786,1.3524034814233783,openai/whisper-tiny_dipco_peft_09/17/2024/results.json,Initial run with custom dataset,,,,,,,,,,,,,,,,
12.0,openai/whisper-tiny,dipco,10/14/2024,vanilla,laptop,Y,0.7783319211421765,0.831897322071155,openai/whisper-tiny_dipco_vanilla/results.json,Initial run with custom dataset,,,,,,,,,,,,,,,,
13.0,openai/whisper-tiny,dipco,10/14/2024,vanilla,laptop,Y,0.848160673414843,0.9586336528872292,openai/whisper-tiny_dipco_vanilla/results.json,Initial run with custom dataset,,,,,,,,,,,,,,,,
14.0,openai/whisper-tiny,dipco,10/14/2024,vanilla,laptop,Y,0.7714914765281048,0.8293470071513981,openai/whisper-tiny_dipco_vanilla/results.json,Initial run with custom dataset,,,,,,,,,,,,,,,,
15.0,openai/whisper-tiny,dipco,10/14/2024,vanilla,laptop,Y,0.7747444731402563,0.8330561940446163,openai/whisper-tiny_dipco_vanilla/results.json,Initial run with custom dataset,,,,,,,,,,,,,,,,
16.0,openai/whisper-tiny,dipco,10/14/2024,vanilla,laptop,Y,0.7643521062353967,0.8243358641931456,openai/whisper-tiny_dipco_vanilla/results.json,Initial run with custom dataset,,,,,,,,,,,,,,,,
17.0,openai/whisper-tiny,dipco,10/15/2024,vanilla,laptop,Y,1.6244934111717202,1.701985227177439,openai/whisper-tiny_dipco_vanilla/results.json,Initial run with custom dataset,,,,,,,,,,,,,,,,
18.0,openai/whisper-tiny,dipco,10/15/2024,vanilla,laptop,Y,1.6244934111717202,1.701985227177439,openai/whisper-tiny_dipco_vanilla/results.json,Initial run with custom dataset,,,,,,,,,,,,,,,,
19.0,distil-whisper/distil-large-v3,dipco,10/28/2024,vanilla,cluster,N,0.8275813686075576,0.9526458343008436,distil-whisper/distil-large-v3_dipco_vanilla/results.json,first run with complete logging,,T,f76991379277bc202a2bb4732373f600056ed222,dev,"{'P': 0.28865853658536583, 'U': 0.7329024390243902}",{'04': 0.6588617886178861},"{""('No token',)"": 0.5691011235955056, ""('[noise]',)"": 0.7045045045045045, ""('[unintelligible]',)"": 0.7622877569258266}","{'p13': 0.4148606811145511, 'p14': 0.20597584233947872, 'p15': 0.22245065789473684, 'p16': 0.32248062015503876, 'u01': 0.8285365853658536, 'u02': 0.6610975609756098, 'u03': 0.7490243902439024, 'u04': 0.719390243902439, 'u05': 0.7064634146341463}",,,,,,,,
20.0,distil-whisper/distil-large-v3,dipco,10/29/2024,vanilla,cluster,N,1.3651919777106882,1.138662904723064,distil-whisper/distil-large-v3_dipco_vanilla/results.json,first run with complete logging,,NT,f76991379277bc202a2bb4732373f600056ed222,dev,"{'P': 0.28585365853658534, 'U': 0.7237560975609756}",{'04': 0.6507723577235772},"{""('No token',)"": 0.6701779026217228, ""('[noise]',)"": 0.6007807807807808, ""('[unintelligible]',)"": 0.6881143878462913}","{'p13': 0.3634674922600619, 'p14': 0.22886204704386523, 'p15': 0.26973684210526316, 'p16': 0.2872093023255814, 'u01': 0.8015853658536586, 'u02': 0.6557317073170732, 'u03': 0.7365853658536585, 'u04': 0.7247560975609756, 'u05': 0.7001219512195122}",,,,,,,,
21.0,distil-whisper/distil-large-v3,dipco,10/30/2024,vanilla,cluster,N,0.7994969275281124,0.8563683561266067,distil-whisper/distil-large-v3_dipco_vanilla/results.json,1000 steps max,,T,a6e38dbd476dccbf72848b6299a4ef22276d3bbf,dev,"{'P': 0.26939024390243904, 'U': 0.6969512195121951}",{'04': 0.6256910569105691},"{""('No token',)"": 0.5358614232209737, ""('[noise]',)"": 0.6756156156156156, ""('[unintelligible]',)"": 0.7228775692582663}","{'p13': 0.4024767801857585, 'p14': 0.20279720279720279, 'p15': 0.21916118421052633, 'p16': 0.274031007751938, 'u01': 0.7787804878048781, 'u02': 0.6326829268292683, 'u03': 0.7112195121951219, 'u04': 0.6960975609756097, 'u05': 0.6659756097560976}",,,,,,,,
22.0,distil-whisper/distil-large-v3,dipco,11/05/2024,vanilla,cluster,N,0.5748536585365853,0.7953007994022816,distil-whisper/distil-large-v3_dipco_vanilla/results.json,1000 steps max,,T,c1341c215e0473e91f534dbfc601efd93f20f123,dev,"{'P': 0.3625609756097561, 'U': 0.7871463414634147}",{'04': 0.7163821138211383},"{""('No token',)"": 0.5989700374531836, ""('[noise]',)"": 0.8308108108108108, ""('[unintelligible]',)"": 0.7702412868632708}","{'p13': 0.4359133126934985, 'p14': 0.21106166560712014, 'p15': 0.2216282894736842, 'p16': 0.541860465116279, 'u01': 0.8530487804878049, 'u02': 0.7565853658536585, 'u03': 0.8278048780487804, 'u04': 0.7709756097560976, 'u05': 0.7273170731707317}",,,,,,,,
23.0,distil-whisper/distil-large-v3,dipco,11/07/2024,vanilla,cluster,N,0.5318780487804878,0.8239312257682787,distil-whisper/distil-large-v3_dipco_vanilla/results.json,1000 steps max,,T,47eb3c0380af1da74d70effdda0f57efc739760f,dev,"{'P': 0.31926829268292684, 'U': 0.7444878048780488}",{'04': 0.6736178861788618},"{""('No token',)"": 0.576498127340824, ""('[noise]',)"": 0.7535135135135135, ""('[unintelligible]',)"": 0.7401251117068811}","{'p13': 0.42724458204334365, 'p14': 0.3038779402415766, 'p15': 0.23026315789473684, 'p16': 0.3449612403100775, 'u01': 0.865609756097561, 'u02': 0.6663414634146342, 'u03': 0.7331707317073171, 'u04': 0.7134146341463414, 'u05': 0.7439024390243902}",,,,,,,,
24.0,distil-whisper/distil-large-v3,dipco,11/07/2024,vanilla,cluster,N,0.5046219512195121,1.140993993928147,distil-whisper/distil-large-v3_dipco_vanilla/results.json,1000 steps max with dipco dev,,NT,47eb3c0380af1da74d70effdda0f57efc739760f,dev,"{'P': 0.28585365853658534, 'U': 0.723390243902439}",{'04': 0.6504674796747968},"{""('No token',)"": 0.6699906367041198, ""('[noise]',)"": 0.6, ""('[unintelligible]',)"": 0.6882931188561215}","{'p13': 0.3634674922600619, 'p14': 0.22886204704386523, 'p15': 0.26973684210526316, 'p16': 0.2872093023255814, 'u01': 0.8010975609756098, 'u02': 0.6557317073170732, 'u03': 0.7352439024390244, 'u04': 0.7245121951219512, 'u05': 0.7003658536585365}",,,,,,,,
25.0,distil-whisper/distil-large-v3,dipco,11/07/2024,vanilla,cluster,N,0.5046219512195121,1.140993993928147,distil-whisper/distil-large-v3_dipco_vanilla/results.json,no oversampling on eval,,NT,e923682393bc8b9c64415791968e7ce7a60dfd72,dev,"{'P': 0.28585365853658534, 'U': 0.723390243902439}",{'04': 0.6504674796747968},"{""('No token',)"": 0.6699906367041198, ""('[noise]',)"": 0.6, ""('[unintelligible]',)"": 0.6882931188561215}","{'p13': 0.3634674922600619, 'p14': 0.22886204704386523, 'p15': 0.26973684210526316, 'p16': 0.2872093023255814, 'u01': 0.8010975609756098, 'u02': 0.6557317073170732, 'u03': 0.7352439024390244, 'u04': 0.7245121951219512, 'u05': 0.7003658536585365}",1.0,,,,,,,
26.0,distil-whisper/distil-large-v3,dipco,11/15/2024,vanilla,cluster,N,0.4974878048780488,1.7219080542038292,distil-whisper/distil-large-v3_dipco_vanilla/results.json,1000 steps oversampling with early stopping and patience 2,,T,4b5ea21551038cff77f62e4faf830449dcfda472,dev,"{'P': 0.24939024390243902, 'U': 0.7455853658536585}",{'04': 0.6628861788617886},"{""('No token',)"": 0.6283239700374532, ""('[noise]',)"": 0.6542342342342342, ""('[unintelligible]',)"": 0.741733690795353}","{'p13': 0.37089783281733746, 'p14': 0.22059758423394787, 'p15': 0.22491776315789475, 'p16': 0.21395348837209302, 'u01': 0.814390243902439, 'u02': 0.6689024390243903, 'u03': 0.7665853658536586, 'u04': 0.7591463414634146, 'u05': 0.7189024390243902}",1.0,720.1485932320356,clean-only,,,,,
27.0,distil-whisper/distil-large-v3,dipco,11/16/2024,vanilla,cluster,N,0.5664878048780487,1.247426924627155,distil-whisper/distil-large-v3_dipco_vanilla/results.json,1000 steps oversampling with early stopping and patience 2,,T,4b5ea21551038cff77f62e4faf830449dcfda472,dev,"{'P': 0.3157317073170732, 'U': 0.8172439024390243}",{'04': 0.7336585365853658},"{""('No token',)"": 0.6662453183520599, ""('[noise]',)"": 0.7806006006006005, ""('[unintelligible]',)"": 0.7924932975871314}","{'p13': 0.35356037151702785, 'p14': 0.3165924984106802, 'p15': 0.2158717105263158, 'p16': 0.3856589147286822, 'u01': 0.869390243902439, 'u02': 0.73, 'u03': 0.8552439024390244, 'u04': 0.8156097560975609, 'u05': 0.8159756097560975}",1.0,2677.183835275471,clean-only,,,,,
28.0,distil-whisper/distil-large-v3,dipco,11/16/2024,vanilla,cluster,N,0.4838170731707317,2.298102752943038,distil-whisper/distil-large-v3_dipco_vanilla/results.json,removed extra tokens from training df with early stopping and patience 2,,T,4b5ea21551038cff77f62e4faf830449dcfda472,dev,"{'P': 0.20573170731707316, 'U': 0.7619024390243903}",{'04': 0.6692073170731707},"{""('No token',)"": 0.6578183520599251, ""('[noise]',)"": 0.6465465465465465, ""('[unintelligible]',)"": 0.7246648793565683}","{'p13': 0.2934984520123839, 'p14': 0.18181818181818182, 'p15': 0.20559210526315788, 'p16': 0.16550387596899224, 'u01': 0.8269512195121951, 'u02': 0.7009756097560975, 'u03': 0.7829268292682927, 'u04': 0.7740243902439025, 'u05': 0.7246341463414634}",1.0,3624.52396081388,clean-only,,,,,
29.0,distil-whisper/distil-large-v3,dipco,11/17/2024,vanilla,cluster,N,0.4527195121951219,0.9077282215057656,distil-whisper/distil-large-v3_dipco_vanilla/results.json,removed special tokens from dataframe 1000 steps oversampling with early stopping and patience 2,,T,4b5ea21551038cff77f62e4faf830449dcfda472,dev,"{'P': 0.2628048780487805, 'U': 0.6426341463414634}",{'04': 0.5793292682926829},"{""('No token',)"": 0.5213014981273408, ""('[noise]',)"": 0.5801201201201202, ""('[unintelligible]',)"": 0.6889186773905273}","{'p13': 0.3876160990712074, 'p14': 0.19071837253655435, 'p15': 0.2060032894736842, 'p16': 0.28217054263565894, 'u01': 0.7336585365853658, 'u02': 0.5660975609756097, 'u03': 0.6570731707317073, 'u04': 0.6375609756097561, 'u05': 0.618780487804878}",1.0,35429.137241855264,far-only,,,,,
30.0,distil-whisper/distil-large-v3,dipco,11/26/2024,vanilla,cluster,N,0.4617560975609756,0.9077282215057656,distil-whisper/distil-large-v3_dipco_vanilla/results.json,early normalization test on all the data,,T,cfc245085921c0641439684468578c81786abb05,dev,"{'P': 0.2545121951219512, 'U': 0.669}",{'04': 0.5999186991869919},"{""('No token',)"": 0.5564606741573034, ""('[noise]',)"": 0.595975975975976, ""('[unintelligible]',)"": 0.688739946380697}","{'p13': 0.38699690402476783, 'p14': 0.20089001907183726, 'p15': 0.20847039473684212, 'p16': 0.24767441860465117, 'u01': 0.756219512195122, 'u02': 0.5928048780487805, 'u03': 0.6825609756097561, 'u04': 0.6684146341463415, 'u05': 0.645}",1.0,1843.8034225776792,all,,,,,
31.0,distil-whisper/distil-large-v3,dipco,12/10/2024,vanilla,cluster,N,0.3398331181086719,0.9077282215057656,distil-whisper/distil-large-v3_dipco_vanilla/results.json,early normalization test on all the data,,T,5209f9127c74ee7369b0c97534c553114e90959e,eval,"{'P': 0.21684712426740838, 'U': 0.4628191119499354}",{'03': 0.42182378066951426},"{""('No token',)"": 0.40504872041974516, ""('[laugh]',)"": 0.5071373456790124, ""('[noise]',)"": 0.2893401015228426, ""('[unintelligible]',)"": 0.4422661870503597}","{'p09': 0.18311327310632383, 'p10': 0.24888366627497063, 'p11': 0.20602409638554217, 'p12': 0.2001569858712716, 'u01': 0.4600178802026423, 'u02': 0.45624317075593523, 'u03': 0.4523691268501043, 'u04': 0.46587861329095065, 'u05': 0.4795867686500447}",1.0,1598.250457443297,all,,,,,
32.0,distil-whisper/distil-large-v3,dipco,12/11/2024,vanilla,cluster,N,0.3625906426939506,0.9077282215057656,distil-whisper/distil-large-v3_dipco_vanilla/results.json,better generate microphoens pahts method also on previous run,,T,5209f9127c74ee7369b0c97534c553114e90959e,eval,"{'P': 0.1925101817820602, 'U': 0.5326711036058409}",{'03': 0.47597761663521077},"{""('No token',)"": 0.48246600278402396, ""('[laugh]',)"": 0.47665895061728397, ""('[noise]',)"": 0.31725888324873097, ""('[unintelligible]',)"": 0.4724820143884892}","{'p09': 0.165045170257123, 'p10': 0.23431257344300824, 'p11': 0.1572289156626506, 'p12': 0.1609105180533752, 'u01': 0.5347173934637925, 'u02': 0.5332273765769345, 'u03': 0.5300486738849707, 'u04': 0.5213072414820701, 'u05': 0.5440548326214364}",1.0,591.591382175684,clean-only,,,,,
33.0,distil-whisper/distil-large-v3,dipco,12/11/2024,vanilla,cluster,N,0.3385715704777987,0.9077282215057656,distil-whisper/distil-large-v3_dipco_vanilla/results.json,better generate microphoens pahts method also on previous run,,T,5209f9127c74ee7369b0c97534c553114e90959e,eval,"{'P': 0.22250918843746895, 'U': 0.45463395251812855}",{'03': 0.41594649183801863},"{""('No token',)"": 0.39359139094121426, ""('[laugh]',)"": 0.5239197530864198, ""('[noise]',)"": 0.2817258883248731, ""('[unintelligible]',)"": 0.4419664268585132}","{'p09': 0.18693537178596248, 'p10': 0.24794359576968272, 'p11': 0.21204819277108433, 'p12': 0.2315541601255887, 'u01': 0.4478990761895301, 'u02': 0.4516737856362372, 'u03': 0.4480977451077779, 'u04': 0.46021654912089005, 'u05': 0.4652826065362074}",1.0,1302.4654795527458,far-only,,,,,
34.0,distil-whisper/distil-large-v3,dipco,12/15/2024,vanilla,cluster,N,0.4100327803715108,0.9077282215057656,distil-whisper/distil-large-v3_dipco_vanilla/results.json,better generate microphoens pahts method also on previous run,,NT,1456dd0965eb8f15ce0e7414bd3b760ac6098fa3,eval,"{'P': 0.26591834707460016, 'U': 0.5541472136684216}",{'03': 0.506109069236118},"{""('No token',)"": 0.5148570510761323, ""('[laugh]',)"": 0.625, ""('[noise]',)"": 0.32656514382402707, ""('[unintelligible]',)"": 0.4622901678657074}","{'p09': 0.24426685198054204, 'p10': 0.2580493537015276, 'p11': 0.2385542168674699, 'p12': 0.37676609105180536, 'u01': 0.5554782954206814, 'u02': 0.5563723055527963, 'u03': 0.5437568292440648, 'u04': 0.5406774610112248, 'u05': 0.5744511771133406}",1.0,0.0,far-only,,,,,
35.0,distil-whisper/distil-large-v3,dipco,12/15/2024,vanilla,cluster,N,0.4100327803715108,0.9077282215057656,distil-whisper/distil-large-v3_dipco_vanilla/results.json,better generate microphoens pahts method also on previous run,,NT,1456dd0965eb8f15ce0e7414bd3b760ac6098fa3,eval,"{'P': 0.26591834707460016, 'U': 0.5541472136684216}",{'03': 0.506109069236118},"{""('No token',)"": 0.5148570510761323, ""('[laugh]',)"": 0.625, ""('[noise]',)"": 0.32656514382402707, ""('[unintelligible]',)"": 0.4622901678657074}","{'p09': 0.24426685198054204, 'p10': 0.2580493537015276, 'p11': 0.2385542168674699, 'p12': 0.37676609105180536, 'u01': 0.5554782954206814, 'u02': 0.5563723055527963, 'u03': 0.5437568292440648, 'u04': 0.5406774610112248, 'u05': 0.5744511771133406}",1.0,0.0,far-only,,,,,
36.0,distil-whisper/distil-large-v3,dipco,12/17/2024,vanilla,cluster,N,0.4083440945664051,0.9077282215057656,distil-whisper/distil-large-v3_dipco_vanilla/results.json,first-beamforming,,NT,029cd831782a3b9d1ccc22a5cee0db5ea085425a,eval,"{'P': 0.26591834707460016, 'U': 0.55076984205821}",{'03': 0.503294592894275},"{""('No token',)"": 0.5104400899453903, ""('[laugh]',)"": 0.6296296296296297, ""('[noise]',)"": 0.30710659898477155, ""('[unintelligible]',)"": 0.4619304556354916}","{'p09': 0.24426685198054204, 'p10': 0.2580493537015276, 'p11': 0.2385542168674699, 'p12': 0.37676609105180536, 'u01': 0.5561736366345486, 'u02': 0.5477302076090196, 'u03': 0.5446508393761796, 'u04': 0.5429621535710738, 'u05': 0.5623323731002284}",1.0,0.0,far-only,Y,,,,
37.0,distil-whisper/distil-large-v3,dipco,12/19/2024,vanilla,cluster,N,0.4098341114532631,0.9077282215057656,distil-whisper/distil-large-v3_dipco_vanilla/results.json,first-beamforming,,NT,029cd831782a3b9d1ccc22a5cee0db5ea085425a,eval,"{'P': 0.26591834707460016, 'U': 0.5537498758319261}",{'03': 0.5057779543723718},"{""('No token',)"": 0.5134918085448121, ""('[laugh]',)"": 0.6294367283950617, ""('[noise]',)"": 0.3130287648054145, ""('[unintelligible]',)"": 0.46372901678657075}","{'p09': 0.24426685198054204, 'p10': 0.2580493537015276, 'p11': 0.2385542168674699, 'p12': 0.37676609105180536, 'u01': 0.5578623224396543, 'u02': 0.5471342008542763, 'u03': 0.5437568292440648, 'u04': 0.5472335353134002, 'u05': 0.5727624913082349}",1.0,0.0,far-only,Y,,,,
,openai/whisper-tiny.en,dipco,12/20/2024,vanilla,laptop,Y,0.8226575342465754,3.7209140489744574,openai/whisper-tiny.en_dipco_vanilla/results.json,correction wer,,T,6689554402bdc70ca49376147d16c42d9f079c2f,eval,"{'P': 0.296, 'U': 1.3493150684931507}",{'08': 1.1154529307282415},"{""('No token',)"": 0.8014981273408239, ""('[noise]',)"": 0.6386554621848739, ""('[unintelligible]',)"": 4.517241379310345}","{'p25': 0.2962962962962963, 'p26': 0.21052631578947367, 'p27': 0.19047619047619047, 'p28': 0.41935483870967744, 'u01': 0.8539325842696629, 'u02': 1.0198019801980198, 'u03': 0.9615384615384616, 'u04': 3.3461538461538463, 'u05': 0.8260869565217391}",1.0,149.21186689100068,all,,,,,
,distil-whisper/distil-large-v3,dipco,01/17/2025,vanilla,cluster,N,0.4108671898281514,0.9077282215057656,distil-whisper/distil-large-v3_dipco_vanilla/results.json,first-beamforming,,NT,54ac8273281d5384e3154d60f30a5cbeb93fbb05,eval,"{'P': 0.26790503625707757, 'U': 0.5538293433992252}",{'03': 0.5061752922088673},"{""('No token',)"": 0.5128493414712496, ""('[laugh]',)"": 0.6454475308641975, ""('[noise]',)"": 0.3197969543147208, ""('[unintelligible]',)"": 0.4611510791366906}","{'p09': 0.24357192494788046, 'p10': 0.25898942420681553, 'p11': 0.24457831325301205, 'p12': 0.38304552590266877, 'u01': 0.5558756332571769, 'u02': 0.5470348663951525, 'u03': 0.547332869772524, 'u04': 0.5496175623323731, 'u05': 0.5692857852388994}",1.0,0.0,far-only,N,,,,
,distil-whisper/distil-large-v3,dipco,01/24/2025,peft,cluster,N,0.3855269693056521,0.9077282215057656,distil-whisper/distil-large-v3_dipco_vanilla/results.json,first-beamforming,,T,54ac8273281d5384e3154d60f30a5cbeb93fbb05,eval,"{'P': 0.27267309029502335, 'U': 0.49838084831628093}",{'03': 0.46076288864607134},"{""('No token',)"": 0.4448816789806189, ""('[laugh]',)"": 0.5852623456790124, ""('[noise]',)"": 0.3079526226734349, ""('[unintelligible]',)"": 0.4684652278177458}","{'p09': 0.22272411396803335, 'p10': 0.2928319623971798, 'p11': 0.25783132530120484, 'p12': 0.33751962323390894, 'u01': 0.4998509983113142, 'u02': 0.49567895102811166, 'u03': 0.4921029104996523, 'u04': 0.49001688685805106, 'u05': 0.5142544948842753}",1.0,33059.03931056708,far-only,N,,,,
,distil-whisper/distil-large-v3,dipco,01/27/2025,vanilla,cluster,N,0.4100327803715108,0.9077282215057656,distil-whisper/distil-large-v3_dipco_vanilla/results.json,demo,,NT,43be23b939cb0ef54fd3d6c9ea6b1e8121d8eb76,eval,"{'P': 0.26591834707460016, 'U': 0.5541472136684216}",{'03': 0.506109069236118},"{""('No token',)"": 0.5148570510761323, ""('[laugh]',)"": 0.625, ""('[noise]',)"": 0.32656514382402707, ""('[unintelligible]',)"": 0.4622901678657074}","{'p09': 0.24426685198054204, 'p10': 0.2580493537015276, 'p11': 0.2385542168674699, 'p12': 0.37676609105180536, 'u01': 0.5554782954206814, 'u02': 0.5563723055527963, 'u03': 0.5437568292440648, 'u04': 0.5406774610112248, 'u05': 0.5744511771133406}",1.0,0.0,far-only,N,0.0,,,
,distil-whisper/distil-large-v3,dipco,02/02/2025,vanilla,cluster,N,0.623280487804878,0.9077282215057656,distil-whisper/distil-large-v3_dipco_vanilla/results.json,first try with diffusion_model,,NT,43be23b939cb0ef54fd3d6c9ea6b1e8121d8eb76,dev,"{'P': 0.28585365853658534, 'U': 0.9607073170731707}",{'04': 0.8482317073170732},"{""('No token',)"": 0.83937265917603, ""('[noise]',)"": 0.8456456456456456, ""('[unintelligible]',)"": 0.8689901697944593}","{'p13': 0.3634674922600619, 'p14': 0.22886204704386523, 'p15': 0.26973684210526316, 'p16': 0.2872093023255814, 'u01': 0.9840243902439024, 'u02': 0.9226829268292683, 'u03': 0.9618292682926829, 'u04': 0.9610975609756097, 'u05': 0.9739024390243902}",1.0,0.0,far-only,Y,0.0,,,
,distil-whisper/distil-large-v3,dipco,02/02/2025,vanilla,cluster,N,0.5638422568789112,0.9077282215057656,distil-whisper/distil-large-v3_dipco_vanilla/results.json,first try with diffusion_model,,NT,43be23b939cb0ef54fd3d6c9ea6b1e8121d8eb76,eval,"{'P': 0.26591834707460016, 'U': 0.8617661666832224}",{'03': 0.762458196748452},"{""('No token',)"": 0.7651782846129136, ""('[laugh]',)"": 0.9564043209876543, ""('[noise]',)"": 0.5228426395939086, ""('[unintelligible]',)"": 0.7130695443645084}","{'p09': 0.24426685198054204, 'p10': 0.2580493537015276, 'p11': 0.2385542168674699, 'p12': 0.37676609105180536, 'u01': 0.899076189530148, 'u02': 0.797457037846429, 'u03': 0.8745405781265521, 'u04': 0.8410648654018079, 'u05': 0.8966921625111751}",1.0,0.0,far-only,Y,0.0,,,
,distil-whisper/distil-large-v3,dipco,02/16/2025,vanilla,cluster,N,0.4318267607032879,0.9077282215057656,distil-whisper/distil-large-v3_dipco_vanilla/results.json,diffusion_model with deverberation instead of speech enhancement,,NT,c6f52667f0ea0f1c2afd80a0b287a5a417284f9d,eval,"{'P': 0.26591834707460016, 'U': 0.5977351743319758}",{'03': 0.5424323697890798},"{""('No token',)"": 0.5502462790448657, ""('[laugh]',)"": 0.6238425925925926, ""('[noise]',)"": 0.37140439932318103, ""('[unintelligible]',)"": 0.5117505995203837}","{'p09': 0.24426685198054204, 'p10': 0.2580493537015276, 'p11': 0.2385542168674699, 'p12': 0.37676609105180536, 'u01': 0.5720671500943677, 'u02': 0.5628290453958478, 'u03': 0.7306049468560644, 'u04': 0.5476308731498957, 'u05': 0.5755438561637032}",1.0,0.0,all,N,0.0,Y,,
,distil-whisper/distil-large-v3,dipco,02/20/2025,vanilla,cluster,N,0.8231349955299494,0.9077282215057656,distil-whisper/distil-large-v3_dipco_vanilla/results.json,diffusion_model with speaker changes,,T,c0e33bc937e7b88e3040d4b90428b55e1ed676c1,eval,"{'P': 1.1266514353829344, 'U': 0.5196185556769644}",{'03': 0.620790702294626},"{""('No token',)"": 0.5929703394367706, ""('[laugh]',)"": 0.7490354938271605, ""('[noise]',)"": 0.48223350253807107, ""('[unintelligible]',)"": 0.6530575539568345}","{'p09': 1.0722724113968034, 'p10': 1.1292596944770859, 'p11': 0.9897590361445783, 'p12': 1.4191522762951334, 'u01': 0.4872355220025827, 'u02': 0.4648852686997119, 'u03': 0.6484553491606239, 'u04': 0.5033277043806497, 'u05': 0.4941889341412536}",1.0,4240.051359154284,all,N,0.0,Y,,
,distil-whisper/distil-large-v3,dipco,02/21/2025,vanilla,cluster,N,0.3531042018476209,0.9077282215057656,distil-whisper/distil-large-v3_dipco_vanilla/results.json,diffusion_model with speaker changes this time the order of the people should be correct,,T,c0e33bc937e7b88e3040d4b90428b55e1ed676c1,eval,"{'P': 0.2106883878017284, 'U': 0.49552001589351347}",{'03': 0.44804807787821593},"{""('No token',)"": 0.4245101188564086, ""('[laugh]',)"": 0.5061728395061729, ""('[noise]',)"": 0.3392554991539763, ""('[unintelligible]',)"": 0.4904076738609113}","{'p09': 0.1834607366226546, 'p10': 0.24253819036427732, 'p11': 0.19578313253012047, 'p12': 0.18524332810047095, 'u01': 0.47154067746101125, 'u02': 0.4522697923909804, 'u03': 0.6331578424555478, 'u04': 0.4576338531836694, 'u05': 0.4629979139763584}",1.0,4362.219933696091,all,N,0.0,Y,,
,distil-whisper/distil-large-v3,dipco,02/26/2025,vanilla,cluster,N,0.3339624515744512,0.9077282215057656,distil-whisper/distil-large-v3_dipco_vanilla/results.json,Specaugment,,T,c0e33bc937e7b88e3040d4b90428b55e1ed676c1,eval,"{'P': 0.2093970398331181, 'U': 0.45852786331578427}",{'03': 0.4170060594020066},"{""('No token',)"": 0.3978745047649641, ""('[laugh]',)"": 0.5138888888888888, ""('[noise]',)"": 0.2825719120135364, ""('[unintelligible]',)"": 0.4392685851318945}","{'p09': 0.18068102849200834, 'p10': 0.23736780258519388, 'p11': 0.18373493975903615, 'p12': 0.21428571428571427, 'u01': 0.4520711234727327, 'u02': 0.461805900466872, 'u03': 0.4599185457435184, 'u04': 0.4486937518625211, 'u05': 0.47014999503327704}",1.0,4351.041940018535,all,N,0.0,N,,
,distil-whisper/distil-large-v3,dipco,03/04/2025,vanilla,cluster,N,0.4100327803715108,0.9077282215057656,distil-whisper/distil-large-v3_dipco_vanilla/results.json,faster whisper experiments,,NT,06e6906280f530ddc0197db7e7f75cc553fc5261,eval,"{'P': 0.26591834707460016, 'U': 0.5541472136684216}",{'03': 0.506109069236118},"{""('No token',)"": 0.5148570510761323, ""('[laugh]',)"": 0.625, ""('[noise]',)"": 0.32656514382402707, ""('[unintelligible]',)"": 0.4622901678657074}","{'p09': 0.24426685198054204, 'p10': 0.2580493537015276, 'p11': 0.2385542168674699, 'p12': 0.37676609105180536, 'u01': 0.5554782954206814, 'u02': 0.5563723055527963, 'u03': 0.5437568292440648, 'u04': 0.5406774610112248, 'u05': 0.5744511771133406}",1.0,0.0,all,N,0.0,N,,
,distil-whisper/distil-large-v3,dipco,03/06/2025,vanilla,cluster,N,0.409575841859541,0.9077282215057656,distil-whisper/distil-large-v3_dipco_vanilla/results.json,faster whisper experiments,,NT,601f8e01c3f6e28688fd0fea28304eb6e9be4511,eval,"{'P': 0.2651236714016092, 'U': 0.5540280123174729}",{'03': 0.5058772888314956},"{""('No token',)"": 0.5147499732305386, ""('[laugh]',)"": 0.6248070987654321, ""('[noise]',)"": 0.3257191201353638, ""('[unintelligible]',)"": 0.461810551558753}","{'p09': 0.2425295343988881, 'p10': 0.25757931844888365, 'p11': 0.2385542168674699, 'p12': 0.37598116169544743, 'u01': 0.5553789609615576, 'u02': 0.556570974471044, 'u03': 0.5436574947849409, 'u04': 0.5401807887156055, 'u05': 0.5743518426542168}",1.0,0.0,all,N,0.0,N,,
,distil-whisper/distil-large-v3,dipco,03/11/2025,peft,cluster,N,0.3967517631866494,0.8129437160576977,dipco_eval__trained.csv,faster whisper experiments,,T,938276af449bab125a81c61179118ec0f5de2c69,eval,"{'P': 0.24783947551405583, 'U': 0.5456640508592431}",{'03': 0.4960266216350452},"{""('No token',)"": 0.5041492665167577, ""('[laugh]',)"": 0.5945216049382716, ""('[noise]',)"": 0.3316412859560068, ""('[unintelligible]',)"": 0.4588729016786571}","{'p09': 0.21820708825573315, 'p10': 0.25475910693301995, 'p11': 0.23012048192771084, 'p12': 0.31475667189952905, 'u01': 0.5375980927783848, 'u02': 0.5483262143637628, 'u03': 0.5408761299294725, 'u04': 0.5350153968411642, 'u05': 0.566504420383431}",1.0,971.6435780823232,all,N,0.0,N,0.0,
,distil-whisper/distil-large-v3,dipco,03/12/2025,vanilla,cluster,N,0.409575841859541,0.7832104852892967,dipco_eval__trained.csv,faster whisper experiments,,NT,938276af449bab125a81c61179118ec0f5de2c69,eval,"{'P': 0.2651236714016092, 'U': 0.5540280123174729}",{'03': 0.5058772888314956},"{""('No token',)"": 0.5147499732305386, ""('[laugh]',)"": 0.6248070987654321, ""('[noise]',)"": 0.3257191201353638, ""('[unintelligible]',)"": 0.461810551558753}","{'p09': 0.2425295343988881, 'p10': 0.25757931844888365, 'p11': 0.2385542168674699, 'p12': 0.37598116169544743, 'u01': 0.5553789609615576, 'u02': 0.556570974471044, 'u03': 0.5436574947849409, 'u04': 0.5401807887156055, 'u05': 0.5743518426542168}",1.0,0.0,all,N,0.0,N,0.0,
,distil-whisper/distil-large-v3,dipco,03/12/2025,peft,bwcluster,N,0.4255263157894737,0.943345250220759,dipco_eval__trained.csv,peft with optimal stopping,,NT,2795317b920e8151e2bdaa7a7512bdbb7ca11b5e,eval,"{'P': 0.3140350877192982, 'U': 0.5370175438596492}",{'07': 0.49985380116959066},"{""('No token',)"": 0.4798387096774194, ""('[noise]',)"": 0.7318417639429312, ""('[unintelligible]',)"": 0.36200842696629215}","{'p21': 0.1992831541218638, 'p22': 0.46098265895953755, 'p23': 0.7254098360655737, 'p24': 0.12529002320185614, 'u01': 0.5355263157894737, 'u02': 0.5427631578947368, 'u03': 0.5280701754385965, 'u04': 0.5197368421052632, 'u05': 0.5589912280701754}",1.0,0.0,all,N,0.0,N,0.0,
,openai/whisper-large-v3,dipco,03/14/2025,peft,bwcluster,N,0.4445018376874937,2.0537063623080987,dipco_eval__trained.csv,baseline for whisper large,,NT,2795317b920e8151e2bdaa7a7512bdbb7ca11b5e,eval,"{'P': 0.27922916459719876, 'U': 0.6097745107777888}",{'03': 0.5546836197476904},"{""('No token',)"": 0.5472748688296392, ""('[laugh]',)"": 0.5817901234567902, ""('[noise]',)"": 0.2876480541455161, ""('[unintelligible]',)"": 0.5817745803357314}","{'p09': 0.25399583043780405, 'p10': 0.2742655699177438, 'p11': 0.2783132530120482, 'p12': 0.3540031397174254, 'u01': 0.6198470249329492, 'u02': 0.5831926095162412, 'u03': 0.6211383729015596, 'u04': 0.5968014304162114, 'u05': 0.6278931161219827}",1.0,0.0,all,N,0.0,N,0.0,
,distil-whisper/distil-large-v3,dipco,03/18/2025,vanilla,bwcluster,N,0.4095361080758915,0.7831618796185615,dipco_eval__trained.csv,comparison baseline,,NT,2795317b920e8151e2bdaa7a7512bdbb7ca11b5e,eval,"{'P': 0.2651236714016092, 'U': 0.5539485447501739}",{'03': 0.5058110658587464},"{""('No token',)"": 0.514589356462148, ""('[laugh]',)"": 0.6251929012345679, ""('[noise]',)"": 0.3257191201353638, ""('[unintelligible]',)"": 0.461810551558753}","{'p09': 0.2425295343988881, 'p10': 0.25757931844888365, 'p11': 0.2385542168674699, 'p12': 0.37598116169544743, 'u01': 0.5553789609615576, 'u02': 0.5562729710936724, 'u03': 0.5437568292440648, 'u04': 0.5402801231747293, 'u05': 0.5740538392768452}",1.0,0.0,all,N,0.0,Y,0.0,
,distil-whisper/distil-large-v3,dipco,03/18/2025,vanilla,bwcluster,N,0.4820701301281414,1.1028029531995394,dipco_eval__trained.csv,facebook denoising,,NT,2795317b920e8151e2bdaa7a7512bdbb7ca11b5e,eval,"{'P': 0.2528061984702493, 'U': 0.7113340617860335}",{'03': 0.6349127512334029},"{""('No token',)"": 0.6516489988221437, ""('[laugh]',)"": 0.6880787037037037, ""('[noise]',)"": 0.41455160744500846, ""('[unintelligible]',)"": 0.5965227817745803}","{'p09': 0.24357192494788046, 'p10': 0.24606345475910693, 'p11': 0.21024096385542168, 'p12': 0.3516483516483517, 'u01': 0.7257375583589948, 'u02': 0.6548127545445515, 'u03': 0.7208701698619251, 'u04': 0.7022946260057614, 'u05': 0.7529552001589351}",1.0,0.0,all,N,0.0,Y,0.0,
,distil-whisper/distil-large-v3,dipco,03/25/2025,vanilla,bwcluster,N,0.4118108671898282,0.8008357832459303,dipco_eval__trained.csv,storm,,NT,43cf898ab41c8adec49d31693ee22690cfbcb04a,eval,"{'P': 0.26333565113737956, 'U': 0.5602860832422768}",{'03': 0.5107943445581272},"{""('No token',)"": 0.516918299603812, ""('[laugh]',)"": 0.6284722222222222, ""('[noise]',)"": 0.33417935702199664, ""('[unintelligible]',)"": 0.47302158273381295}","{'p09': 0.2380125086865879, 'p10': 0.2618096357226792, 'p11': 0.2289156626506024, 'p12': 0.3704866562009419, 'u01': 0.5651137379556969, 'u02': 0.5548822886659383, 'u03': 0.5554782954206814, 'u04': 0.5487235522002583, 'u05': 0.577232541968809}",1.0,0.0,all,N,0.0,N,0.0,
,distil-whisper/distil-large-v3,dipco,03/26/2025,vanilla,bwcluster,N,0.4907221615178305,1.2559208890247746,dipco_eval__trained.csv,noise reduce,,NT,43cf898ab41c8adec49d31693ee22690cfbcb04a,eval,"{'P': 0.24406476606734875, 'U': 0.7373795569683123}",{'03': 0.6551604251514851},"{""('No token',)"": 0.6647124959845808, ""('[laugh]',)"": 0.7081404320987654, ""('[noise]',)"": 0.4103214890016921, ""('[unintelligible]',)"": 0.6346522781774581}","{'p09': 0.2338429464906185, 'p10': 0.26439482961222094, 'p11': 0.2216867469879518, 'p12': 0.22841444270015698, 'u01': 0.7372603556173637, 'u02': 0.7252408860633753, 'u03': 0.7382537002086024, 'u04': 0.7266315684911095, 'u05': 0.7595112744611106}",1.0,0.0,all,N,0.0,N,0.0,
,distil-whisper/distil-large-v3,dipco,03/27/2025,vanilla,bwcluster,N,0.6061463414634146,1.950230890357869,dipco_eval__trained.csv,noise reduce,,NT,376f0aae177dd7a099932f61dc98970dacfaa0d8,dev,"{'P': 0.30048780487804877, 'U': 0.9118048780487805}",{'04': 0.8099186991869919},"{""('No token',)"": 0.8208333333333333, ""('[noise]',)"": 0.7941741741741741, ""('[unintelligible]',)"": 0.8125111706881144}","{'p13': 0.38080495356037153, 'p14': 0.24856961220597584, 'p15': 0.31620065789473684, 'p16': 0.26705426356589146, 'u01': 0.9565853658536585, 'u02': 0.8639024390243902, 'u03': 0.9208536585365854, 'u04': 0.9110975609756098, 'u05': 0.9065853658536586}",1.0,0.0,all,N,0.0,N,0.0,
,distil-whisper/distil-large-v3,dipco,03/27/2025,vanilla,bwcluster,N,0.5982073170731708,1.5774957833215004,dipco_eval__trained.csv,facebook denoising,,NT,376f0aae177dd7a099932f61dc98970dacfaa0d8,dev,"{'P': 0.288780487804878, 'U': 0.9076341463414634}",{'04': 0.8044918699186991},"{""('No token',)"": 0.8372191011235955, ""('[noise]',)"": 0.763063063063063, ""('[unintelligible]',)"": 0.8036639857015192}","{'p13': 0.36594427244582045, 'p14': 0.2358550540368722, 'p15': 0.2944078947368421, 'p16': 0.26744186046511625, 'u01': 0.948170731707317, 'u02': 0.8029268292682927, 'u03': 0.9417073170731707, 'u04': 0.9191463414634147, 'u05': 0.926219512195122}",1.0,0.0,all,N,0.0,N,0.0,
,openai/whisper-large-v3,dipco,04/03/2025,vanilla,bwcluster,N,0.518198072911493,3.2165457893307803,dipco_eval__trained.csv,facebook denoising,,NT,7e92733e4b0006456f1cb9fb4487ddce5ac3a16a,eval,"{'P': 0.2561835700804609, 'U': 0.7802125757425251}",{'03': 0.692874408132181},"{""('No token',)"": 0.7104882749759075, ""('[laugh]',)"": 0.6568287037037037, ""('[noise]',)"": 0.4077834179357022, ""('[unintelligible]',)"": 0.684832134292566}","{'p09': 0.24357192494788046, 'p10': 0.2554641598119859, 'p11': 0.2325301204819277, 'p12': 0.3178963893249607, 'u01': 0.7857355716698122, 'u02': 0.7570279129830139, 'u03': 0.7884176020661567, 'u04': 0.7550412238005364, 'u05': 0.8148405681931062}",1.0,0.0,all,N,0.0,N,0.0,
,distil-whisper/distil-large-v3,dipco,04/05/2025,vanilla,bwcluster,N,0.4118108671898282,0.8008357832459303,dipco_eval__trained.csv,storm,,NT,7e92733e4b0006456f1cb9fb4487ddce5ac3a16a,eval,"{'P': 0.26333565113737956, 'U': 0.5602860832422768}",{'03': 0.5107943445581272},"{""('No token',)"": 0.516918299603812, ""('[laugh]',)"": 0.6284722222222222, ""('[noise]',)"": 0.33417935702199664, ""('[unintelligible]',)"": 0.47302158273381295}","{'p09': 0.2380125086865879, 'p10': 0.2618096357226792, 'p11': 0.2289156626506024, 'p12': 0.3704866562009419, 'u01': 0.5651137379556969, 'u02': 0.5548822886659383, 'u03': 0.5554782954206814, 'u04': 0.5487235522002583, 'u05': 0.577232541968809}",1.0,0.0,all,N,0.0,N,0.0,
,distil-whisper/distil-large-v3,dipco,04/08/2025,peft,bwcluster,N,0.4118108671898282,0.8008357832459303,dipco_eval__trained.csv,storm,,NT,7e92733e4b0006456f1cb9fb4487ddce5ac3a16a,eval,"{'P': 0.26333565113737956, 'U': 0.5602860832422768}",{'03': 0.5107943445581272},"{""('No token',)"": 0.516918299603812, ""('[laugh]',)"": 0.6284722222222222, ""('[noise]',)"": 0.33417935702199664, ""('[unintelligible]',)"": 0.47302158273381295}","{'p09': 0.2380125086865879, 'p10': 0.2618096357226792, 'p11': 0.2289156626506024, 'p12': 0.3704866562009419, 'u01': 0.5651137379556969, 'u02': 0.5548822886659383, 'u03': 0.5554782954206814, 'u04': 0.5487235522002583, 'u05': 0.577232541968809}",1.0,0.0,all,N,0.0,N,0.0,
,distil-whisper/distil-large-v3,dipco,04/08/2025,vanilla,bwcluster,N,0.4118108671898282,0.8008357832459303,dipco_eval__trained.csv,storm,,NT,7e92733e4b0006456f1cb9fb4487ddce5ac3a16a,eval,"{'P': 0.26333565113737956, 'U': 0.5602860832422768}",{'03': 0.5107943445581272},"{""('No token',)"": 0.516918299603812, ""('[laugh]',)"": 0.6284722222222222, ""('[noise]',)"": 0.33417935702199664, ""('[unintelligible]',)"": 0.47302158273381295}","{'p09': 0.2380125086865879, 'p10': 0.2618096357226792, 'p11': 0.2289156626506024, 'p12': 0.3704866562009419, 'u01': 0.5651137379556969, 'u02': 0.5548822886659383, 'u03': 0.5554782954206814, 'u04': 0.5487235522002583, 'u05': 0.577232541968809}",1.0,0.0,all,N,0.0,N,0.0,
,distil-whisper/distil-large-v3,dipco,04/14/2025,vanilla,bwcluster,N,0.4095361080758915,0.7831618796185615,dipco_eval__trained.csv,comparison since tmux on cluster stopped,,NT,3a02464b92afd45328e5f97dea6b564ea868b0af,eval,"{'P': 0.2651236714016092, 'U': 0.5539485447501739}",{'03': 0.5058110658587464},"{""('No token',)"": 0.514589356462148, ""('[laugh]',)"": 0.6251929012345679, ""('[noise]',)"": 0.3257191201353638, ""('[unintelligible]',)"": 0.461810551558753}","{'p09': 0.2425295343988881, 'p10': 0.25757931844888365, 'p11': 0.2385542168674699, 'p12': 0.37598116169544743, 'u01': 0.5553789609615576, 'u02': 0.5562729710936724, 'u03': 0.5437568292440648, 'u04': 0.5402801231747293, 'u05': 0.5740538392768452}",1.0,0.0,all,N,0.0,N,0.0,full
,distil-whisper/distil-large-v3,dipco,04/24/2025,peft,bwcluster,N,0.43589947352736663,0.8546957767309967,dipco_eval__trained.csv,storm,/home/ka/ka_stud/ka_uhicv/ASR_Whisper/min_training.pth,NT,635423a55f5440829e742716f5da960d92476946,eval,"{'P': 0.2654216747789808, 'U': 0.6063772722757524}",{'03': 0.5495513393596239},"{""('No token',)"": 0.5422154406253347, ""('[laugh]',)"": 0.6068672839506173, ""('[noise]',)"": 0.27918781725888325, ""('[unintelligible]',)"": 0.567326139088729}","{'p09': 0.1890201528839472, 'p10': 0.3492361927144536, 'p11': 0.1825301204819277, 'p12': 0.26609105180533754, 'u01': 0.6048475216052449, 'u02': 0.6476606734876329, 'u03': 0.5669017582199265, 'u04': 0.629184464090593, 'u05': 0.5832919439753651}",1.0,0.0,all,N,0.0,N,0.0,
,distil-whisper/distil-large-v3,dipco,05/12/2025,vanilla,cluster,N,1.1289659282805204,4.5440533488928665,dipco_eval__trained.csv,GAN,/export/data2/nbaier/ASR_Whisper/whisper_adapted_dann_4epochs.pth,NT,246aae43c3b950c4826d0439411efcd3f71c5aa9,eval,"{'P': 1.2742624416410053, 'U': 0.9836694149200358}",{'03': 1.0321015860401974},"{""('No token',)"": 1.0137059642359996, ""('[laugh]',)"": 1.0403163580246915, ""('[noise]',)"": 0.9746192893401016, ""('[unintelligible]',)"": 1.074820143884892}","{'p09': 1.0430854760250174, 'p10': 1.6385428907168038, 'p11': 0.9668674698795181, 'p12': 0.9803767660910518, 'u01': 0.9800337737161021, 'u02': 0.9790404291248634, 'u03': 0.9826164696533227, 'u04': 0.9911592331379756, 'u05': 0.985497168967915}",1.0,0.0,all,N,0.0,N,0.0,full
